chr:M, 274A>C
chr:M, 278A>C
chr:M, 281A>C
chr:M, 283A>C
chr:M, 284A>C
chr:M, 286A>C
chr:M, 287A>C
chr:M, 289A>C
chr:M, 291A>C
chr:M, 297A>C
chr:M, 300A>C
chr:M, 301A>C
chr:M, 379A>C
chr:M, 388A>C
chr:M, 415A>C
chr:M, 432A>C
chr:M, 439A>C
chr:M, 440A>C
chr:M, 442T>G
chr:M, 443A>C
chr:M, 444A>C
chr:M, 445C>A
chr:M, 446A>C
chr:M, 448A>C
chr:M, 449T>G
chr:M, 451A>C
chr:M, 454T>G
chr:M, 456C>G
chr:M, 457C>G
chr:M, 460T>G
chr:M, 461C>A
chr:M, 464A>C
chr:M, 466T>G
chr:M, 467C>A
chr:M, 470A>C
chr:M, 471T>G
chr:M, 472A>C
chr:M, 473C>A
chr:M, 474T>G
chr:M, 475A>C
chr:M, 476C>A
chr:M, 477T>G
chr:M, 478A>C
chr:M, 479A>C
chr:M, 481C>A
chr:M, 483C>A
chr:M, 484A>C
chr:M, 486C>A
chr:M, 489C>A
chr:M, 492A>C
chr:M, 493A>C
chr:M, 494C>A
chr:M, 503A>C
chr:M, 504T>G
chr:M, 505C>A
chr:M, 507T>G
chr:M, 509C>A
chr:M, 512A>C
chr:M, 517A>C
chr:M, 519A>C
chr:M, 521A>C
chr:M, 523A>C
chr:M, 534C>A
chr:M, 538A>C
chr:M, 539T>A
chr:M, 541C>A
chr:M, 546A>C
chr:M, 550A>C
chr:M, 551A>C
chr:M, 552C>A
chr:M, 554A>C
chr:M, 555A>C
chr:M, 557C>A
chr:M, 561A>C
chr:M, 562A>C
chr:M, 567A>C
chr:M, 574A>C
chr:M, 576A>C
chr:M, 578T>G
chr:M, 579T>G
chr:M, 588T>G
chr:M, 929A>C
chr:M, 1300A>C
chr:M, 1538G>T
chr:M, 1542T>G
chr:M, 1841T>C
chr:M, 2116C>A
chr:M, 2393C>T
chr:M, 2476C>A
chr:M, 3109T>C
chr:M, 3114T>G
chr:M, 3176A>C
chr:M, 3313A>C
chr:M, 3319A>C
chr:M, 3320A>C
chr:M, 3406C>A
chr:M, 3436G>A
chr:M, 3478A>C
chr:M, 3489A>C
chr:M, 3499A>C
chr:M, 3501A>C
chr:M, 3502T>G
chr:M, 3505A>C
chr:M, 3508A>C
chr:M, 3547A>C
chr:M, 3561A>C
chr:M, 3565A>C
chr:M, 3572T>G
chr:M, 3573C>A
chr:M, 3577A>C
chr:M, 3578T>G
chr:M, 3579A>C
chr:M, 3580C>A
chr:M, 3583A>C
chr:M, 3584A>C
chr:M, 3585C>A
chr:M, 3590T>G
chr:M, 3593T>G
chr:M, 3595A>C
chr:M, 3596A>C
chr:M, 3597C>A
chr:M, 3599T>G
chr:M, 3601A>C
chr:M, 3603C>A
chr:M, 3605T>G
chr:M, 3606A>C
chr:M, 3611T>G
chr:M, 3614T>G
chr:M, 3616T>G
chr:M, 3622C>A
chr:M, 3623T>G
chr:M, 3625G>T
chr:M, 3628A>C
chr:M, 3631T>G
chr:M, 3633T>G
chr:M, 3644T>G
chr:M, 4144T>G
chr:M, 4184T>C
chr:M, 4247T>G
chr:M, 4434T>G
chr:M, 4654C>A
chr:M, 4682A>C
chr:M, 4689A>C
chr:M, 4726T>G
chr:M, 4791A>C
chr:M, 4877A>C
chr:M, 4884A>C
chr:M, 5200T>G
chr:M, 5273A>C
chr:M, 5322A>C
chr:M, 5442T>G
chr:M, 5937C>A
chr:M, 6040A>C
chr:M, 6307A>C
chr:M, 6713C>T
chr:M, 7201T>G
chr:M, 7236G>A
chr:M, 7425C>A
chr:M, 7460A>C
chr:M, 7461T>G
chr:M, 7473A>C
chr:M, 7474A>C
chr:M, 7487C>A
chr:M, 7953T>G
chr:M, 7964T>G
chr:M, 8063T>G
chr:M, 8109T>G
chr:M, 8129A>C
chr:M, 8218A>C
chr:M, 8266A>C
chr:M, 8271A>C
chr:M, 8279T>G
chr:M, 8280A>C
chr:M, 8368G>A
chr:M, 8414T>G
chr:M, 8425A>C
chr:M, 8426T>G
chr:M, 8463A>C
chr:M, 8466A>C
chr:M, 8469T>G
chr:M, 8470A>C
chr:M, 8513C>A
chr:M, 8514C>A
chr:M, 8596A>C
chr:M, 8597T>G
chr:M, 8601A>C
chr:M, 8602T>G
chr:M, 8603T>G
chr:M, 8940C>T
chr:M, 9076A>C
chr:M, 9083T>G
chr:M, 9329G>A
chr:M, 9461A>C
chr:M, 9550A>C
chr:M, 9567A>C
chr:M, 9898A>C
chr:M, 10067C>A
chr:M, 10236A>C
chr:M, 10524A>C
chr:M, 10575A>C
chr:M, 10596A>C
chr:M, 10602A>C
chr:M, 10645T>G
chr:M, 10906A>C
chr:M, 10915T>G
chr:M, 10921A>C
chr:M, 10922A>C
chr:M, 10935A>G
chr:M, 10936C>G
chr:M, 10941T>G
chr:M, 10942A>C
chr:M, 10943A>C
chr:M, 10945A>C
chr:M, 10946A>C
chr:M, 10953T>G
chr:M, 10956T>G
chr:M, 10957A>C
chr:M, 10958A>C
chr:M, 10959T>G
chr:M, 10960A>C
chr:M, 10962T>G
chr:M, 10963A>C
chr:M, 10964A>C
chr:M, 10966T>G
chr:M, 10967A>C
chr:M, 10970T>G
chr:M, 10972A>C
chr:M, 10974T>G
chr:M, 10977T>G
chr:M, 10978A>C
chr:M, 10983T>G
chr:M, 10985A>C
chr:M, 10987A>C
chr:M, 10988A>C
chr:M, 10989T>G
chr:M, 10991A>C
chr:M, 11001A>C
chr:M, 11031G>T
chr:M, 11166G>A
chr:M, 11660A>C
chr:M, 11661T>G
chr:M, 11974A>C
chr:M, 12082A>C
chr:M, 12090T>G
chr:M, 12383T>G
chr:M, 12415A>C
chr:M, 12438T>G
chr:M, 13089T>G
chr:M, 13402A>C
chr:M, 13422A>C
chr:M, 13426A>C
chr:M, 13427A>C
chr:M, 13432A>C
chr:M, 13433T>G
chr:M, 13434A>C
chr:M, 13435C>G
chr:M, 13436C>G
chr:M, 13441A>C
chr:M, 13446A>C
chr:M, 13469T>G
chr:M, 13655T>G
chr:M, 13685T>G
chr:M, 13696A>C
chr:M, 13732T>G
chr:M, 13733T>G
chr:M, 13739T>G
chr:M, 13744A>C
chr:M, 13750A>C
chr:M, 13751T>G
chr:M, 13752T>G
chr:M, 13761A>C
chr:M, 13762T>G
chr:M, 13763C>G
chr:M, 13768T>G
chr:M, 13769T>G
chr:M, 13772A>C
chr:M, 13773A>C
chr:M, 13774A>T
chr:M, 13776A>C
chr:M, 13777A>C
chr:M, 13779A>C
chr:M, 13780A>C
chr:M, 13781T>G
chr:M, 13787T>G
chr:M, 13789T>G
chr:M, 13790A>C
chr:M, 13793T>G
chr:M, 13801A>C
chr:M, 13803A>C
chr:M, 13808T>G
chr:M, 13812T>G
chr:M, 13818T>G
chr:M, 13819T>G
chr:M, 13887A>C
chr:M, 13945A>C
chr:M, 14019A>C
chr:M, 14039A>C
chr:M, 14045A>C
chr:M, 14046A>C
chr:M, 14047A>C
chr:M, 14053A>C
chr:M, 14059A>C
chr:M, 14153T>G
chr:M, 14165A>C
chr:M, 14225C>A
chr:M, 14487T>G
chr:M, 14552G>A
chr:M, 15201C>A
chr:M, 15256A>C
chr:M, 15260A>C
chr:M, 15278T>G
chr:M, 15377A>C
chr:M, 15440T>G
chr:M, 15442A>C
chr:M, 15449T>G
chr:M, 15653A>C
chr:M, 15884A>G
chr:M, 16207A>C
chr:M, 16286C>T
chr:M, 16414G>T
chr:M, 16462T>G
chr:M, 16469T>G
