chr:M, 683G>A
chr:M, 855A>C
chr:M, 892A>C
chr:M, 896A>C
chr:M, 899G>C
chr:M, 903T>G
chr:M, 905A>C
chr:M, 907A>C
chr:M, 919A>G
chr:M, 1128C>A
chr:M, 1137A>C
chr:M, 1142A>C
chr:M, 1144T>A
chr:M, 1145A>C
chr:M, 1147G>T
chr:M, 1149G>C
chr:M, 1152A>C
chr:M, 1154A>C
chr:M, 1155G>C
chr:M, 1326A>C
chr:M, 1344T>G
chr:M, 1354A>C
chr:M, 1385C>A
chr:M, 1386T>A
chr:M, 1541T>G
chr:M, 1546A>C
chr:M, 1583A>G
chr:M, 1584A>C
chr:M, 1585A>C
chr:M, 1590A>C
chr:M, 2586T>G
chr:M, 2593G>A
chr:M, 2617T>G
chr:M, 2715A>C
chr:M, 2723A>C
chr:M, 2729T>G
chr:M, 2741A>T
chr:M, 2749A>T
chr:M, 2769A>C
chr:M, 2773A>C
chr:M, 2775A>C
chr:M, 2778T>G
chr:M, 2781T>G
chr:M, 2785C>A
chr:M, 2787A>C
chr:M, 3018A>C
chr:M, 3572T>G
chr:M, 3577A>C
chr:M, 3578T>G
chr:M, 3583A>C
chr:M, 3590T>G
chr:M, 3593T>G
chr:M, 3596A>C
chr:M, 3599T>G
chr:M, 3605T>A
chr:M, 3606A>C
chr:M, 3611T>G
chr:M, 3614T>G
chr:M, 3615A>C
chr:M, 3616T>G
chr:M, 3617T>G
chr:M, 3618T>G
chr:M, 3620T>G
chr:M, 3622C>G
chr:M, 3628A>C
chr:M, 3633T>G
chr:M, 3638T>G
chr:M, 4023T>A
chr:M, 4028T>A
chr:M, 4031T>A
chr:M, 4034T>A
chr:M, 4175G>A
chr:M, 4254T>A
chr:M, 4970A>T
chr:M, 5131T>A
chr:M, 5135C>A
chr:M, 5138C>A
chr:M, 5140G>C
chr:M, 5141C>A
chr:M, 5144C>A
chr:M, 5147G>T
chr:M, 5152T>A
chr:M, 5153A>C
chr:M, 5154C>A
chr:M, 5155T>A
chr:M, 5157C>A
chr:M, 5158T>A
chr:M, 5160T>A
chr:M, 5161C>A
chr:M, 5162T>A
chr:M, 5164G>C
chr:M, 5177G>C
chr:M, 5179T>A
chr:M, 5182C>A
chr:M, 5185G>T
chr:M, 5389T>A
chr:M, 5407T>A
chr:M, 6109T>G
chr:M, 6121T>G
chr:M, 6127T>G
chr:M, 6142A>C
chr:M, 6160T>A
chr:M, 6163T>A
chr:M, 6167T>G
chr:M, 6205G>A
chr:M, 6307A>C
chr:M, 6343T>G
chr:M, 6387A>G
chr:M, 6570G>C
chr:M, 6583A>C
chr:M, 6804A>C
chr:M, 6806A>C
chr:M, 6929A>C
chr:M, 6933T>G
chr:M, 6934T>G
chr:M, 6937T>G
chr:M, 6940T>G
chr:M, 6941T>G
chr:M, 6960C>G
chr:M, 6969A>C
chr:M, 6970T>G
chr:M, 6971T>G
chr:M, 6973T>G
chr:M, 6974A>C
chr:M, 6975T>G
chr:M, 6977A>T
chr:M, 6980A>C
chr:M, 6984T>G
chr:M, 6987T>G
chr:M, 6997T>G
chr:M, 7165T>G
chr:M, 7184A>C
chr:M, 7194C>A
chr:M, 7203T>G
chr:M, 7429T>G
chr:M, 7441C>A
chr:M, 7797T>G
chr:M, 7804A>C
chr:M, 7828A>C
chr:M, 7833T>G
chr:M, 7836T>G
chr:M, 7837T>G
chr:M, 7838T>G
chr:M, 7839A>C
chr:M, 7842T>G
chr:M, 7844A>C
chr:M, 7846A>C
chr:M, 7851A>T
chr:M, 7854T>G
chr:M, 7856A>C
chr:M, 7857A>C
chr:M, 7859G>C
chr:M, 7860A>T
chr:M, 7861T>G
chr:M, 7865T>G
chr:M, 7869T>G
chr:M, 7870T>G
chr:M, 7871A>C
chr:M, 8731T>G
chr:M, 8771C>A
chr:M, 8772T>A
chr:M, 8777T>A
chr:M, 8780T>A
chr:M, 8789T>G
chr:M, 8795A>C
chr:M, 8804C>A
chr:M, 9164T>C
chr:M, 9459C>G
chr:M, 9460T>G
chr:M, 9462T>G
chr:M, 9471T>G
chr:M, 9473A>G
chr:M, 9513C>A
chr:M, 9531A>C
chr:M, 9538A>C
chr:M, 9540T>G
chr:M, 9541T>A
chr:M, 9550A>C
chr:M, 9552T>G
chr:M, 10350C>A
chr:M, 10368T>A
chr:M, 10371G>T
chr:M, 10377C>A
chr:M, 10378T>A
chr:M, 10379A>C
chr:M, 10380C>A
chr:M, 10386G>T
chr:M, 10387G>T
chr:M, 11251G>A
chr:M, 11252A>T
chr:M, 11463T>G
chr:M, 11627T>G
chr:M, 11637A>C
chr:M, 11646T>G
chr:M, 11649T>G
chr:M, 11652T>G
chr:M, 11654A>C
chr:M, 11656A>C
chr:M, 11660A>C
chr:M, 11661T>G
chr:M, 11662T>G
chr:M, 11664T>G
chr:M, 11666A>T
chr:M, 11667T>G
chr:M, 11670A>C
chr:M, 11685T>G
chr:M, 11699A>C
chr:M, 11701T>A
chr:M, 11706T>G
chr:M, 11729T>G
chr:M, 11739T>A
chr:M, 11740C>A
chr:M, 11753T>A
chr:M, 12117T>G
chr:M, 12569T>A
chr:M, 12575T>G
chr:M, 12580C>A
chr:M, 12582A>C
chr:M, 12583G>T
chr:M, 12586T>A
chr:M, 12587A>C
chr:M, 12588C>A
chr:M, 12590T>A
chr:M, 12591C>A
chr:M, 12595A>C
chr:M, 12596T>G
chr:M, 12599T>A
chr:M, 12603C>A
chr:M, 12605T>A
chr:M, 12608C>A
chr:M, 12609T>G
chr:M, 12610G>T
chr:M, 12611T>G
chr:M, 12615A>C
chr:M, 12616T>G
chr:M, 12618G>T
chr:M, 12621C>G
chr:M, 15156A>C
chr:M, 15164T>G
chr:M, 15178A>C
chr:M, 15180T>G
chr:M, 15182A>C
chr:M, 15183T>G
chr:M, 15185A>C
chr:M, 15188A>C
chr:M, 15196A>T
chr:M, 15200G>C
chr:M, 15256A>C
chr:M, 15278T>G
chr:M, 15279T>G
chr:M, 15281T>G
chr:M, 15282T>G
chr:M, 15283T>G
chr:M, 15306T>G
chr:M, 15330T>G
chr:M, 15333A>C
chr:M, 15336T>G
chr:M, 15342T>G
chr:M, 15345T>G
chr:M, 15348A>C
chr:M, 15471T>A
chr:M, 15477T>A
chr:M, 15480T>A
chr:M, 15481C>A
chr:M, 15487A>C
chr:M, 15495T>A
chr:M, 15505A>C
chr:M, 15506G>C
chr:M, 15509A>C
chr:M, 15511T>G
chr:M, 15512T>A
chr:M, 15514T>A
chr:M, 15515A>C
chr:M, 15521G>C
