chr:M, 297A>C
chr:M, 302A>C
chr:M, 432A>C
chr:M, 439A>C
chr:M, 440A>C
chr:M, 442T>G
chr:M, 456C>A
chr:M, 460T>G
chr:M, 464A>C
chr:M, 493A>C
chr:M, 503A>C
chr:M, 515A>G
chr:M, 523A>C
chr:M, 539T>A
chr:M, 545G>C
chr:M, 546A>C
chr:M, 550A>C
chr:M, 554A>C
chr:M, 557C>A
chr:M, 561A>C
chr:M, 564G>A
chr:M, 565A>C
chr:M, 567A>C
chr:M, 574A>C
chr:M, 577G>C
chr:M, 583G>T
chr:M, 1323G>C
chr:M, 2784A>T
chr:M, 2788C>A
chr:M, 3109T>C
chr:M, 3532A>C
chr:M, 3564A>C
chr:M, 3565A>G
chr:M, 3566C>G
chr:M, 3572T>G
chr:M, 3577A>C
chr:M, 3578T>A
chr:M, 5432A>C
chr:M, 5436A>C
chr:M, 5441A>C
chr:M, 5451A>C
chr:M, 5746G>T
chr:M, 5752A>C
chr:M, 7397C>G
chr:M, 7398C>G
chr:M, 7399C>G
chr:M, 7403A>C
chr:M, 7407T>G
chr:M, 7411A>C
chr:M, 7413A>C
chr:M, 7423A>C
chr:M, 8126C>A
chr:M, 8129A>C
chr:M, 8133C>A
chr:M, 8136T>A
chr:M, 8138A>C
chr:M, 8143T>A
chr:M, 8144A>C
chr:M, 8271A>C
chr:M, 8277T>G
chr:M, 8279T>G
chr:M, 8286T>A
chr:M, 8291A>C
chr:M, 8296A>C
chr:M, 8298T>A
chr:M, 8623A>C
chr:M, 9530T>G
chr:M, 9531A>G
chr:M, 9538A>C
chr:M, 9545A>C
chr:M, 9550A>C
chr:M, 9560A>C
chr:M, 9570A>C
chr:M, 10921A>C
chr:M, 10925T>G
chr:M, 10935A>C
chr:M, 12385C>G
chr:M, 12391A>C
chr:M, 12400A>C
chr:M, 13032A>C
chr:M, 13039T>A
chr:M, 13041A>C
chr:M, 13053C>G
chr:M, 13057A>C
chr:M, 13676A>C
chr:M, 13677C>G
chr:M, 13681A>C
chr:M, 13754C>G
chr:M, 13761A>C
chr:M, 14280A>C
chr:M, 14424A>C
chr:M, 14805A>C
chr:M, 14809C>G
chr:M, 14813A>C
chr:M, 15525A>C
chr:M, 15530T>A
chr:M, 15536A>C
chr:M, 16187T>C
chr:M, 16188A>C
chr:M, 16189C>T
